name,type,x_um,y_um,z_um
ADAL,interneuron,8.65,-239.25,31.05
ADAR,interneuron,-12.90,-239.25,31.05
ADEL,sensory,11.00,-242.38,32.45
ADER,sensory,-15.30,-242.38,32.45
ADFL,sensory,3.73,-267.90,41.60
ADFR,sensory,-8.00,-267.90,41.60
ADLL,sensory,2.70,-265.75,47.55
ADLR,sensory,-6.95,-265.75,47.55
AFDL,sensory,4.50,-268.38,43.50
AFDR,sensory,-8.75,-268.38,43.50
AIAL,interneuron,0.80,-264.15,35.55
AIAR,interneuron,-5.10,-264.15,35.55
AIBL,interneuron,2.70,-266.20,37.00
AIBR,interneuron,-6.90,-266.20,37.00
AIML,interneuron,9.25,-253.45,28.40
AIMR,interneuron,-13.50,-253.45,28.40
AINL,interneuron,-1.45,-269.54,39.36
AINR,interneuron,-3.07,-269.54,39.36
AIYL,interneuron,7.45,-252.50,28.95
AIYR,interneuron,-11.70,-252.50,28.95
AIZL,interneuron,5.60,-258.75,37.45
AIZR,interneuron,-9.95,-258.75,37.45
ALA,unknown,-1.35,-271.00,50.85
ALML,sensory,22.68,-60.75,-37.15
ALMR,sensory,-24.15,-60.75,-37.15
ALNL,unknown,0.33,406.70,12.38
ALNR,unknown,-2.92,406.70,12.38
AQR,sensory,-14.80,-243.05,33.95
AS1,motor,-0.28,-229.04,4.74
AS10,motor,-1.90,278.25,-24.00
AS11,motor,-1.88,315.70,-26.12
AS2,motor,-1.88,-203.88,-12.72
AS3,motor,-1.90,-151.40,-45.65
AS4,motor,-1.88,-90.20,-65.38
AS5,motor,-1.88,-3.75,-52.52
AS6,motor,-1.90,28.25,-34.25
AS7,motor,-1.90,119.90,3.95
AS8,motor,-1.90,181.85,-1.78
AS9,motor,-1.88,228.92,-14.50
ASEL,sensory,4.12,-263.68,40.05
ASER,sensory,-8.38,-263.68,40.05
ASGL,sensory,3.70,-265.35,45.42
ASGR,sensory,-8.00,-265.35,45.42
ASHL,sensory,5.55,-265.62,41.00
ASHR,sensory,-9.80,-265.62,41.00
ASIL,sensory,2.65,-263.70,46.88
ASIR,sensory,-6.90,-263.70,46.88
ASJL,sensory,2.98,-263.00,37.48
ASJR,sensory,-7.25,-263.00,37.48
ASKL,sensory,3.70,-268.02,46.40
ASKR,sensory,-8.00,-268.02,46.40
AUAL,unknown,4.50,-263.98,37.48
AUAR,unknown,-8.80,-263.98,37.48
AVAL,interneuron,-0.55,-271.50,37.98
AVAR,interneuron,-3.50,-271.50,37.98
AVBL,interneuron,0.23,-269.79,37.86
AVBR,interneuron,-4.58,-269.79,37.86
AVDL,interneuron,-0.17,-268.70,37.30
AVDR,interneuron,-4.03,-268.68,37.28
AVEL,interneuron,2.75,-269.35,40.65
AVER,interneuron,-8.40,-269.35,40.65
AVFL,interneuron,2.10,-246.40,18.60
AVFR,interneuron,-6.50,-246.40,18.60
AVG,interneuron,-2.00,-237.10,12.85
AVHL,interneuron,4.15,-264.40,45.00
AVHR,interneuron,-8.90,-264.40,45.00
AVJL,interneuron,0.20,-264.90,47.55
AVJR,interneuron,-4.75,-264.90,47.55
AVKL,interneuron,1.65,-255.00,22.57
AVKR,interneuron,-4.58,-246.95,19.00
AVL,sensory,-7.50,-263.45,36.35
AVM,sensory,-20.50,-55.65,-44.60
AWAL,sensory,3.90,-265.88,42.75
AWAR,sensory,-8.20,-265.88,42.75
AWBL,sensory,5.50,-266.23,43.10
AWBR,sensory,-9.75,-266.23,43.10
AWCL,sensory,3.80,-267.95,38.95
AWCR,sensory,-8.10,-267.95,38.95
BAGL,sensory,4.67,-277.10,44.98
BAGR,sensory,-9.00,-277.10,44.98
BDUL,interneuron,15.35,-187.15,-0.20
BDUR,interneuron,-19.65,-187.15,-0.20
CANL,unknown,25.35,47.95,1.65
CANR,unknown,-27.25,47.95,1.65
CEPDL,sensory,1.35,-275.03,54.08
CEPDR,sensory,-5.62,-275.03,54.08
CEPVL,sensory,0.70,-277.12,39.92
CEPVR,sensory,-4.95,-277.12,39.92
DA1,motor,-0.75,-227.08,3.42
DA2,motor,-1.90,-190.75,-21.68
DA3,motor,-1.65,-123.65,-58.35
DA4,motor,-1.70,-32.40,-61.75
DA5,motor,-1.65,84.20,-3.15
DA6,motor,-1.65,198.68,-6.35
DA7,motor,-1.65,281.60,-24.95
DA8,motor,1.27,376.80,-10.93
DA9,motor,-4.60,376.80,-10.93
DB1,motor,-1.90,-230.35,6.85
DB2,motor,-0.20,-244.50,15.79
DB3,motor,-1.85,-195.28,-18.52
DB4,motor,-1.88,-96.28,-64.65
DB5,motor,-4.05,35.25,-30.45
DB6,motor,-1.82,178.10,-0.20
DB7,motor,-1.85,267.75,-22.62
DD1,motor,-0.90,-231.95,6.85
DD2,motor,-1.85,-156.47,-42.85
DD3,motor,-1.90,-28.60,-60.52
DD4,motor,-1.88,122.90,4.55
DD5,motor,-1.88,234.05,-15.78
DD6,motor,-1.90,365.77,-16.48
DVA,interneuron,-2.35,394.60,3.68
DVB,motor,-0.75,394.50,4.00
DVC,interneuron,-0.12,395.43,5.99
FLPL,sensory,10.88,-246.30,31.05
FLPR,sensory,-15.05,-246.30,31.05
HSNL,motor,17.45,61.05,6.95
HSNR,motor,-21.65,61.05,6.95
I1L,interneuron,2.90,-300.35,53.15
I1R,interneuron,-7.15,-300.35,53.15
I2L,interneuron,1.55,-311.65,54.45
I2R,interneuron,-5.80,-311.65,54.45
I3,interneuron,-2.05,-296.55,58.25
I4,interneuron,-2.05,-253.90,43.10
I5,interneuron,-2.10,-247.85,30.68
I6,interneuron,1.70,-251.65,43.05
IL1DL,sensory,2.83,-282.76,52.76
IL1DR,sensory,-7.06,-282.76,52.76
IL1L,sensory,3.80,-282.68,47.85
IL1R,sensory,-8.08,-282.68,47.85
IL1VL,sensory,2.25,-279.50,41.00
IL1VR,sensory,-6.55,-279.50,41.00
IL2DL,sensory,7.10,-287.47,57.13
IL2DR,sensory,-11.35,-287.47,57.13
IL2L,sensory,6.75,-285.00,49.35
IL2R,sensory,-11.00,-285.00,49.35
IL2VL,sensory,3.30,-288.88,42.95
IL2VR,sensory,-7.60,-288.88,42.95
LUAL,interneuron,1.35,403.80,4.10
LUAR,interneuron,-3.85,403.80,4.10
M1,motor,-0.87,-252.13,44.42
M2L,motor,3.70,-254.35,38.65
M2R,motor,-8.00,-254.35,38.65
M3L,motor,3.75,-295.40,48.15
M3R,motor,-8.05,-295.40,48.15
M4,motor,-2.03,-288.93,57.58
M5,motor,-2.20,-241.45,41.80
MCL,sensory,3.20,-296.15,52.30
MCR,sensory,-7.25,-296.15,52.30
MI,interneuron,-2.15,-293.51,56.71
NSML,sensory,2.60,-292.25,51.80
NSMR,sensory,-6.35,-292.25,51.80
OLLL,sensory,4.40,-283.90,50.02
OLLR,sensory,-8.65,-283.90,50.02
OLQDL,sensory,2.77,-280.00,53.43
OLQDR,sensory,-7.02,-280.00,53.43
OLQVL,sensory,4.20,-279.25,43.92
OLQVR,sensory,-8.47,-279.25,43.92
PDA,motor,-2.95,387.25,-5.50
PDB,motor,-3.30,384.65,-7.75
PDEL,sensory,25.75,143.80,25.60
PDER,sensory,-27.35,143.80,25.60
PHAL,sensory,1.20,402.90,4.10
PHAR,sensory,-3.80,402.90,4.10
PHBL,sensory,1.20,405.60,5.47
PHBR,sensory,-3.73,405.60,5.47
PHCL,sensory,0.75,408.77,7.28
PHCR,sensory,-3.42,408.77,7.28
PLML,sensory,2.50,410.15,8.18
PLMR,sensory,-3.67,410.15,8.18
PLNL,unknown,4.22,402.30,6.90
PLNR,unknown,-6.22,402.30,6.90
PQR,sensory,-0.33,407.30,7.65
PVCL,interneuron,0.85,404.15,5.50
PVCR,interneuron,-3.45,404.15,5.50
PVDL,sensory,24.75,175.15,24.95
PVDR,sensory,-26.11,175.15,24.95
PVM,sensory,24.85,188.80,20.55
PVNL,interneuron,0.55,410.00,8.90
PVNR,interneuron,-3.25,409.95,8.90
PVPL,interneuron,-0.10,366.65,-14.70
PVPR,interneuron,-0.15,356.55,-16.65
PVQL,interneuron,0.85,402.40,5.15
PVQR,interneuron,-3.30,402.40,5.15
PVR,sensory,-1.85,407.35,7.70
PVT,interneuron,-0.10,358.75,-17.50
PVWL,interneuron,0.80,405.40,6.80
PVWR,interneuron,-3.40,405.40,6.80
RIAL,interneuron,4.00,-270.25,45.00
RIAR,interneuron,-8.20,-270.25,45.00
RIBL,interneuron,5.50,-264.35,38.00
RIBR,interneuron,-9.80,-264.35,38.00
RICL,interneuron,-0.74,-267.06,38.09
RICR,interneuron,-3.56,-267.06,38.09
RID,interneuron,-1.23,-272.35,54.94
RIFL,interneuron,0.00,-239.85,18.35
RIFR,interneuron,-5.15,-245.50,23.90
RIGL,interneuron,0.00,-233.25,16.35
RIGR,interneuron,-4.70,-241.95,20.65
RIH,interneuron,-2.00,-267.35,35.95
RIML,motor,3.50,-260.90,39.00
RIMR,motor,-7.75,-260.90,39.00
RIPL,interneuron,3.38,-278.57,48.82
RIPR,interneuron,-7.62,-278.57,48.82
RIR,interneuron,-11.60,-265.90,36.65
RIS,interneuron,-4.83,-262.16,33.64
RIVL,interneuron,4.50,-265.30,50.35
RIVR,interneuron,-8.75,-265.30,50.35
RMDDL,motor,3.60,-269.07,37.65
RMDDR,motor,-7.75,-269.07,37.65
RMDL,motor,3.10,-271.00,41.20
RMDR,motor,-7.40,-271.00,41.20
RMDVL,motor,4.85,-271.20,44.40
RMDVR,motor,-9.05,-271.20,44.40
RMED,motor,-1.50,-275.75,58.50
RMEL,motor,4.65,-274.40,46.99
RMER,motor,-8.90,-274.40,46.99
RMEV,motor,-2.03,-272.97,35.67
RMFL,motor,1.10,-265.05,34.10
RMFR,motor,-5.40,-265.05,34.10
RMGL,motor,8.25,-238.30,32.70
RMGR,motor,-12.50,-238.30,32.70
RMHL,motor,1.10,-265.90,35.70
RMHR,motor,-5.30,-265.90,35.70
SAADL,interneuron,-4.69,-270.17,42.13
SAADR,interneuron,0.53,-270.17,42.13
SAAVL,interneuron,3.90,-270.90,45.42
SAAVR,interneuron,-8.18,-270.90,45.42
SABD,interneuron,-3.20,-234.80,14.93
SABVL,interneuron,3.33,-249.25,24.35
SABVR,interneuron,-8.10,-249.25,24.35
SDQL,interneuron,21.40,222.80,19.20
SDQR,interneuron,-14.20,-131.75,-10.55
SIADL,interneuron,-3.96,-267.66,43.97
SIADR,interneuron,-0.38,-269.20,43.65
SIAVL,interneuron,5.95,-259.80,32.25
SIAVR,interneuron,-10.20,-259.80,32.25
SIBDL,interneuron,-5.27,-269.13,45.80
SIBDR,interneuron,0.97,-269.13,45.80
SIBVL,interneuron,-2.67,-269.87,35.41
SIBVR,interneuron,-2.77,-269.87,35.41
SMBDL,motor,3.10,-264.30,33.10
SMBDR,motor,-7.00,-264.30,33.10
SMBVL,motor,0.42,-263.45,33.05
SMBVR,motor,-4.60,-263.45,33.05
SMDDL,motor,3.25,-266.25,34.10
SMDDR,motor,-7.45,-266.25,34.10
SMDVL,motor,4.70,-270.95,46.65
SMDVR,motor,-8.90,-270.95,46.65
URADL,motor,5.00,-284.65,52.20
URADR,motor,-9.30,-284.65,52.20
URAVL,motor,0.33,-279.60,41.40
URAVR,motor,-4.58,-279.60,41.40
URBL,interneuron,5.05,-279.95,47.55
URBR,interneuron,-9.32,-279.95,47.55
URXL,interneuron,3.05,-269.88,48.27
URXR,interneuron,-7.35,-269.88,48.27
URYDL,unknown,4.12,-281.43,51.90
URYDR,unknown,-8.40,-281.43,51.90
URYVL,unknown,3.40,-280.93,45.35
URYVR,unknown,-7.70,-280.93,45.35
VA1,motor,-1.35,-235.55,11.75
VA10,motor,-1.85,254.63,-21.25
VA11,motor,-1.55,312.35,-26.25
VA12,motor,-0.10,362.45,-18.15
VA2,motor,-1.85,-217.10,-3.95
VA3,motor,-1.48,-184.10,-26.37
VA4,motor,-1.85,-119.50,-58.70
VA5,motor,-1.85,-54.30,-66.05
VA6,motor,-1.85,21.55,-41.15
VA7,motor,-1.85,98.05,1.18
VA8,motor,-1.80,150.30,3.40
VA9,motor,-1.80,208.82,-9.05
VB1,motor,-1.55,-246.45,16.40
VB10,motor,-1.85,218.07,-11.40
VB11,motor,-1.82,262.32,-21.95
VB2,motor,-2.00,-253.30,19.85
VB3,motor,-1.85,-210.22,-8.72
VB4,motor,-2.00,-173.25,-33.50
VB5,motor,-1.85,-109.55,-62.15
VB6,motor,-1.85,-36.58,-62.70
VB7,motor,-9.68,41.45,-24.36
VB8,motor,-1.82,108.80,2.88
VB9,motor,-1.85,159.55,3.20
VC1,motor,-0.72,-170.03,-35.75
VC2,motor,-0.62,-105.33,-63.40
VC3,motor,-1.45,-6.45,-54.00
VC4,motor,-1.15,43.85,-24.20
VC5,motor,-1.15,66.55,-12.50
VC6,motor,-1.82,174.18,1.00
VD1,motor,-0.70,-228.60,4.05
VD10,motor,-0.75,236.10,-16.50
VD11,motor,-0.80,283.80,-24.80
VD12,motor,-0.75,345.50,-23.15
VD13,motor,-0.75,379.85,-10.75
VD2,motor,-0.65,-226.05,2.35
VD3,motor,-0.80,-188.10,-23.45
VD4,motor,-0.80,-137.20,-52.70
VD5,motor,-0.75,-68.30,-66.75
VD6,motor,-0.70,-1.40,-52.15
VD7,motor,-12.35,57.95,-14.20
VD8,motor,-0.75,135.10,3.95
VD9,motor,-0.80,191.50,-3.80
